,pedmort_2016,pedmort_53mean,pedmort_3mean,Code,sanit_2015,sanit_21mean,sanit_3mean,maln_12mean,maln_3mean,maln_2016,ped_labor2018,ped_labor_14mean,ped_labor_3mean,nat_dis2017,nat_dis_23mean,nat_dis_3mean,homoc_2017,homoc_3mean,homoc_23mean_x,Overall rank,Country or region,Score,Outcome
0,6.79,20.64166667,7.316666667,AFG,31.9,24.26666667,31.13333333,32.11538462,27.46666667,30.3,,,,0.068638743,0.220388662,0.116639824,10.67307599,12.02989835,13.54551222,154,Afghanistan,3.203,0
1,8.11,19.50205882,8.903333333,AGO,51.6,33.35454545,50.26666667,52.43076923,27.53333333,23.9,,,,0.005986734,0.010492686,0.033983131,3.154860847,3.316997575,4.819876085,,,,
2,0.88,3.666388889,0.94,ALB,93.2,84.00909091,92.66666667,8.761538462,5.566666667,5.5,,,,0.004623365,0.007723148,0.004757824,2.488883494,2.50594952,5.820425711,107,Albania,4.719,0
3,0.33,0.612758621,0.35,AND,100,100,100,,,,,,,0,0,0,0.702320111,0.715372101,0.949330387,,,,
4,0.91,5.030555556,0.873333333,ARE,97.6,97.43636364,97.5,4.346153846,3.833333333,2.5,,,,0,0,0,1.201010852,1.21370072,1.252038172,21,United Arab Emirates,6.825,1
5,1.04,3.361333333,1.143333333,ARG,96.4,91.47727273,95.8,4.315384615,3.5,3.8,,,,0.00030136,0.005617387,0.002868905,6.175149041,6.342786615,5.880806089,47,Argentina,6.086,1
6,1.26,4.465526316,1.4,ARM,89.5,89.435,89.5,10.79230769,4.4,4.3,,,,0,0.002240959,0,3.691190976,3.739062587,4.703890764,116,Armenia,4.559,0
7,0.74,1.804137931,0.8,ATG,,84.59090909,,,,,,,,0.17763742,0.055683056,0,5.343733299,5.353495071,4.975528414,,,,
8,0.35,1.239444444,0.383333333,AUS,100,100,100,2.5,2.5,2.5,67.8471,69.779416,66.9814,0.007034475,0.006973842,0.003953456,1.367411759,1.36632573,1.67719955,11,Australia,7.228,1
9,0.36,1.574814815,0.37,AUT,100,100,100,2.5,2.5,2.5,56.6519,59.063012,56.9935,0,0.015212899,0.013703146,0.781109554,0.821320444,1.035359322,10,Austria,7.246,1
10,2.3,7.55625,2.646666667,AZE,89.3,70.56111111,86.3,7.730769231,2.5,2.5,,,,0,0.00451153,0,3.658228814,3.692061405,6.918057658,90,Azerbaijan,5.208,0
11,6.12,18.331,6.726666667,BDI,48,44.43636364,47.76666667,,,,,,,0.00735205,0.002945272,0.06670595,0.571539636,0.588518708,1.015587086,,,,
12,0.38,1.391296296,0.4,BEL,99.5,99.5,99.5,2.5,2.5,2.5,29.626,33.57236,28.8472,0,0.001632481,0.000617709,1.339259807,1.395402125,1.944448119,18,Belgium,6.923,1
13,9.83,19.7587037,10.36333333,BEN,19.7,12.23181818,19,15.17692308,9.9,10.4,,,,0,0.006753751,0,4.992135978,5.212003068,5.585928517,102,Benin,4.883,0
14,8.12,22.65962963,8.85,BFA,19.7,12.19090909,19,23.63076923,20.43333333,21.3,,,,0.001098282,0.003124649,0.004221188,10.28283988,10.38633362,10.81699033,115,Burkina Faso,4.587,0
15,3.24,15.40537037,3.643333333,BGD,60.6,45.84545455,58.66666667,17.33846154,16.36666667,15.2,,,,0.018405907,0.529686813,0.015913423,1.569104678,1.619639094,2.289407558,125,Bangladesh,4.456,0
16,0.75,2.191372549,0.833333333,BGR,86,85.65909091,86,5.715384615,3.833333333,3,,,,0,0.002658161,0.002775716,2.526974231,2.48101248,3.992941332,97,Bulgaria,5.011,0
17,0.73,4.551111111,0.76,BHR,99.2,99.12727273,99.2,,,,,,,0,0,0,1.426544899,1.484841773,1.815308254,37,Bahrain,6.199,1
18,0.72,2.252826087,0.806666667,BHS,92,89.45555556,92,,,,,,,0,0.056450292,0.450762156,28.62287183,29.94561622,21.9075716,,,,
19,0.57,1.349,0.603333333,BIH,94.8,94.89444444,94.8,3.284615385,2.5,2.5,,,,0,0.001727817,0.025906841,2.435472575,2.432217249,3.561843642,78,Bosnia and Herzegovina,5.386,0
20,0.37,1.300588235,0.41,BLR,94.3,94.8,94.36666667,2.776923077,2.5,2.5,,,,0,0.001230062,0.000785695,6.829920612,7.044985142,11.56867098,81,Belarus,5.323,0
21,1.42,4.778297872,1.563333333,BLZ,90.5,82.95,90.43333333,5.246153846,6.633333333,6.5,,,,0,0.204807696,0,26.83939928,26.68303371,19.23371725,,,,
22,3.49,14.76148148,3.753333333,BOL,50.3,38.11818182,49.3,28.93076923,20.3,19.8,,,,0,0.058894696,0.090600292,5.93121778,6.130053307,8.013152796,61,Bolivia,5.779,1
23,1.48,7.986851852,1.606666667,BRA,82.8,74.46818182,82.13333333,5.238461538,2.5,2.5,,,,0.001037699,0.025935111,0.007343918,30.13288927,30.5066937,30.20205375,32,Brazil,6.3,1
24,1.24,3.001666667,1.31,BRB,96.2,87.09090909,95.53333333,5.507692308,4.066666667,3.7,,,,0,0.003535072,0,10.87042377,10.94541644,10.95066427,,,,
25,1.05,1.2509375,1.05,BRN,,,,2.769230769,2.666666667,2.6,,,,0,0,0.056668708,1.478428231,1.455314871,1.464811117,145,Burundi,3.775,0
26,3.08,13.47511111,3.34,BTN,50.4,32.22727273,49.73333333,,,,,,,0,0.262541791,0,1.006742785,1.052045918,1.531556041,95,Bhutan,5.082,0
27,3.76,8.566666667,4.07,BWA,63.4,51.53636364,63,31.56153846,25.73333333,28.5,,,,0,0.010110238,0,7.976065042,8.272175227,6.782292833,148,Botswana,3.488,0
28,12.15,19.21944444,13,CAF,21.8,17.45909091,21.6,37.78461538,54.13333333,61.8,,,,0,0.001473701,0.000517211,7.696473114,19.35571692,8.14844262,155,Central African Republic,3.083,0
29,0.51,1.312037037,0.53,CAN,99.8,99.8,99.8,2.5,2.5,2.5,63.3388,65.070924,63.95973333,0.001432289,0.006498611,0,1.512903578,1.597860406,1.646554935,9,Canada,7.278,1
30,0.42,1.116851852,0.433333333,CHE,99.9,99.9,99.9,2.5,2.5,2.5,67.9902,68.312964,68.1808,0,0.019862204,0.016716182,0.613309314,0.646488217,1.136185983,6,Switzerland,7.48,1
31,0.74,4.33537037,0.79,CHL,99.1,91.81363636,98.93333333,4.092307692,3.533333333,3.3,33.6614,38.566792,34.9705,0.024979444,0.044623972,0.07480316,4.45998689,4.554743624,5.220193627,26,Chile,6.444,1
32,0.93,5.206888889,1.08,CHN,76.5,59.59090909,74.23333333,14,9.2,8.7,,,,0.00550254,0.064674011,0.010361383,1.029081652,1.073420209,2.356098378,93,China,5.191,0
33,8.88,17.96425926,9.48,CIV,22.5,17.88636364,21.96666667,21.07692308,21.26666667,20.7,,,,0.008127745,0.001619106,0.014140237,9.478731356,9.972835521,11.03728003,99,Ivory Coast,4.944,0
34,8.4,17.1437037,9.023333333,CMR,45.8,42.35454545,45.4,18.83846154,6.8,7.3,,,,0.001573933,0.003208406,0.000672254,2.622226498,2.732453966,3.54484401,96,Cameroon,5.044,0
35,9.11,18.142,9.766666667,COD,28.7,22.86818182,27.93333333,,,,,,,0.082693758,0.003393456,0.01257341,3.045074247,3.218113931,4.449818954,127,Congo (Kinshasa),4.418,0
36,4.75,11.17314815,5.133333333,COG,15,13.32,14.76666667,38.52307692,38.2,37.5,,,,0,0.003087234,0,5.150170884,5.867388067,6.562936081,103,Congo (Brazzaville),4.812,0
37,1.47,5.582222222,1.57,COL,81.1,74.70454545,80.63333333,9.792307692,7.966666667,6.5,,,,0.149722106,0.101824961,0.049176741,29.74597995,29.13659776,64.10727632,43,Colombia,6.125,1
38,6.9,13.48840909,7.326666667,COM,35.8,25.56363636,35,,,,,,,0,0.006633767,0,7.621539278,7.685173294,8.088754642,142,Comoros,3.973,0
39,1.74,6.996,1.973333333,CPV,72.2,47.455,70.06666667,15.45384615,13.33333333,12.3,,,,0,0.00458106,0.102355142,12.77735582,13.14703408,12.42237802,,,,
40,0.9,2.923265306,0.936666667,CRI,94.5,91.48181818,94.43333333,5.338461538,5.266666667,4.4,45.2209,50.199464,43.3813,0.080723789,0.084233114,0.014815414,10.40366806,10.30377466,7.105393491,12,Costa Rica,7.167,1
41,0.54,1.974705882,0.56,CUB,93.2,86.91363636,93,2.615384615,2.5,2.5,,,,0.009875459,0.008702003,0.001007992,6.054337728,6.048341839,6.323345483,,,,
42,0.27,0.936857143,0.29,CYP,100,100,100,4.646153846,4.466666667,4.6,,,,0,0.003243749,0,1.612950273,1.635085128,2.156269106,49,Cyprus,6.046,1
43,0.33,0.82969697,0.313333333,CZE,99.1,99.1,99.1,2.5,2.5,2.5,30.4064,39.62393478,32.0363,0,0.003079178,0,1.143285391,1.178172635,1.9557889,20,Czech Republic,6.852,1
44,0.37,1.117391304,0.386666667,DEU,99.2,99.2,99.2,2.5,2.5,2.5,50.2756,52.089412,49.30086667,0,0.001158918,0.000869321,0.802220806,0.788227072,1.115864759,,,,
45,6.17,11.41973684,6.573333333,DJI,47.4,58.44090909,47.33333333,31.47692308,19.26666667,19.7,,,,0,0.168520851,0,7.695642036,7.918445735,8.316953335,,,,
46,3.4,3.674259259,3.1,DMA,,81.1,,5.161538462,5.833333333,5.2,,,,0,0.085317928,0.291687176,11.70465874,11.71580771,8.469115531,,,,
47,0.43,1.065555556,0.423333333,DNK,99.6,99.6,99.6,2.5,2.5,2.5,63.1839,69.5291,63.83783333,0,0.000948344,0,0.807711076,0.776730455,1.357600745,2,Denmark,7.6,1
48,2.99,7.773888889,3.156666667,DOM,84,77.74545455,83.26666667,22.19230769,11.9,10.4,,,,0,0.110379231,0.009021413,22.45808761,22.89291517,15.40049324,77,Dominican Republic,5.425,1
49,2.4,11.6362963,2.49,DZA,87.6,83.65454545,87.2,8.123076923,4.633333333,4.7,,,,0,0.118403198,0.003670489,1.084100523,1.161439366,1.637976281,,,,
50,1.45,7.783148148,1.513333333,ECU,84.7,69.9,83.76666667,15.12307692,8.133333333,7.8,,,,0,0.089508509,0.286585054,13.87848698,13.75955331,18.80431206,50,Ecuador,6.028,1
51,2.21,13.54777778,2.376666667,EGY,94.7,84.81363636,94.7,4.930769231,4.466666667,4.8,,,,0,0.014993604,0.004928419,0.667825054,0.694132229,0.582423179,137,Egypt,4.166,0
52,4.31,12.74575,4.606666667,ERI,15.7,11.69090909,15.43333333,,,,,,,0,0.000296725,0,11.32349416,11.72263847,12.35668274,,,,
53,0.31,1.48962963,0.32,ESP,99.9,99.9,99.9,2.5,2.5,2.5,32.9834,43.21574,33.69776667,0,0.003838049,0.001131285,0.714581908,0.744099101,1.057665301,30,Spain,6.354,1
54,0.27,1.308235294,0.31,EST,97.2,97,97.2,3.946153846,2.9,2.8,47.3257,41.98846,43.703,0,0.001220643,0,4.503307505,4.575063033,13.229554,55,Estonia,5.893,1
55,5.85,18.42604167,6.43,ETH,28,10.33181818,25.53333333,39.26153846,24.8,21.4,,,,0.021430207,0.010219997,0.007850225,6.777949955,7.21007464,11.24644679,134,Ethiopia,4.286,0
56,0.23,0.957777778,0.24,FIN,97.6,97.40454545,97.6,2.5,2.5,2.5,53.0849,53.970572,52.5445,0,0.00133957,0.000644931,1.581319771,1.582477644,2.735892371,1,Finland,7.769,1
57,2.53,3.959074074,2.463333333,FJI,91.1,74.89090909,91.1,4.461538462,4.4,4.4,,,,0,0.081240636,0.212877476,3.994803998,4.092699418,4.051191612,,,,
58,0.42,1.158888889,0.416666667,FRA,98.7,98.7,98.7,2.5,2.5,2.5,37.6801,37.40758,36.96466667,0.000172732,0.007625177,0.00250696,0.829408579,0.863018012,1.293318444,24,France,6.592,1
59,3.22,5.14030303,3.42,FSM,57.1,35.31818182,57.03333333,,,,,,,0,0.27165578,0.228298099,5.622228884,5.634072241,5.778588394,,,,
60,4.83,8.758333333,5.24,GAB,41.9,39.41666667,41.6,10.86923077,8.966666667,9.4,,,,0,0.000337618,0,4.757253287,4.958642648,5.584905014,104,Gabon,4.799,0
61,0.43,1.286296296,0.446666667,GBR,99.2,99.2,99.2,2.5,2.5,2.5,57.092,62.714504,58.11456667,0,0.002817497,0.00096228,0.533067857,0.527330922,0.809683869,15,United Kingdom,7.054,1
62,1.08,4.100769231,1.21,GEO,86.3,94.59545455,87.5,8.776923077,7.5,7.4,,,,0,0.025309972,0.008062276,3.837343165,3.681417036,4.339146372,119,Georgia,4.519,0
63,4.93,14.28222222,5.483333333,GHA,14.9,10.47272727,14.63333333,8.907692308,6.333333333,6.1,,,,0.00943912,0.00918995,0.005767596,2.987277524,3.102323771,3.943759653,98,Ghana,4.996,0
64,8.57,22.53541667,9.176666667,GIN,20.1,13.20454545,19.43333333,20.91538462,17.43333333,19.7,,,,0,0.000806353,0.004719912,6.321096963,6.538992834,6.544016952,118,Guinea,4.534,0
65,6.36,20.14962963,6.796666667,GMB,58.9,59.595,58.76666667,12.39230769,9.8,9.6,,,,0,0.026941367,0,1.241879902,1.270478115,1.349112173,120,Gambia,4.516,0
66,8.42,17.65241379,9.086666667,GNB,20.8,14.3,20.46666667,23.76153846,25.2,26,,,,0,0.001238648,0,8.143195316,8.423408757,9.362749579,,,,
67,8.96,15.685,9.603333333,GNQ,74.5,78.85,74.63333333,,,,,,,0,0,0,3.345031536,3.275595615,4.899573336,,,,
68,0.53,1.791851852,0.476666667,GRC,99,95.68181818,99,2.5,2.5,2.5,23.2708,34.611364,25.22173333,0.019967976,0.008167986,0.005267811,1.251152484,1.281327886,1.254057912,82,Greece,5.287,0
69,1.67,1.844333333,1.626666667,GRD,98,98,98,,,,,,,0,0.116759258,0,5.294013467,5.193102021,4.406840168,,,,
70,2.76,10.68944444,2.96,GTM,63.9,54.85454545,63.4,16.42307692,16.4,15.8,,,,0.021363061,0.068532161,0.012210195,36.59360462,34.33558651,36.86535931,27,Guatemala,6.436,1
71,3.13,6.100740741,3.33,GUY,83.7,79.46363636,83.6,9.661538462,8.2,7.5,,,,0,0.026120371,0,17.07405747,17.82144456,15.62750139,,,,
72,1.82,8.676851852,1.96,HND,82.6,63.81818182,81.3,16.60769231,15.5,15.3,,,,0.029411215,1.455593889,0.003684772,43.73212615,80.56630863,52.56482944,59,Honduras,5.86,1
73,0.46,1.09030303,0.48,HRV,97,97.24545455,97.1,4.030769231,2.5,2.5,,,,0,0.000808845,0.001917822,1.116576346,1.16910276,2.545186773,75,Croatia,5.432,1
74,7.17,16.91888889,7.496666667,HTI,27.6,21.66363636,27.06666667,54.03076923,48.63333333,45.8,,,,0.035114969,3.133013235,0.23049244,18.52015384,18.96214069,20.73640363,147,Haiti,3.597,0
75,0.45,2.310185185,0.51,HUN,98,98,98,2.5,2.5,2.5,32.2632,31.85004348,31.9154,0,0.00322452,0,1.628133258,1.72648449,2.8656042,62,Hungary,5.758,1
76,2.54,10.52314815,2.726666667,IDN,60.8,47.09545455,59.7,16.03846154,7.266666667,7.7,,,,0.006395959,0.477064557,0.010153032,0.978833715,1.007191701,1.485526265,92,Indonesia,5.192,0
77,3.94,14.42888889,4.413333333,IND,39.6,26.20909091,38.5,19.50769231,16,14.8,,,,0.01997276,0.050168145,0.009630737,3.031355894,3.078896305,4.004943496,140,India,4.015,0
78,0.35,1.390185185,0.37,IRL,90.5,89.52727273,90.4,2.5,2.5,2.5,46.7205,51.064668,48.19036667,0,0.002042952,0.002257835,0.677645217,0.723936802,0.975770274,16,Ireland,7.021,1
79,1.49,6.873953488,1.603333333,IRN,90,79.5,89.8,5.869230769,5.233333333,4.9,,,,0.222346498,0.976837712,0.007500537,2.332909504,2.503191537,2.568578634,117,Iran,4.548,0
80,3.04,7.638518519,3.226666667,IRQ,85.6,76.57142857,85.33333333,27.90769231,27.63333333,27.7,,,,0.006579255,0.002030869,0.013518564,5.665949618,6.276697661,7.575482204,126,Iraq,4.437,0
81,0.21,0.92537037,0.226666667,ISL,98.8,98.8,98.8,2.5,2.5,2.5,80.3022,72.3069375,81.82396667,0.04538042,0.092346775,0,0.728002412,0.724233882,0.941268556,4,Iceland,7.494,1
82,0.36,1.13775,0.383333333,ISR,100,100,100,2.5,2.5,2.5,47.07,55.44272,48.57833333,0,0.00422855,0,2.088023894,2.143726035,2.605408384,13,Israel,7.139,1
83,0.34,1.741481481,0.35,ITA,99.5,99.5,99.5,2.5,2.5,2.5,26.0756,35.317348,26.32353333,0.006754091,0.008159363,0.019730011,0.774146216,0.818580654,1.457133762,36,Italy,6.223,1
84,1.52,3.866666667,1.62,JAM,81.8,80.73636364,81.76666667,7.692307692,9.2,8.9,,,,0,0.018748693,0,31.92988178,34.62450676,21.08311279,56,Jamaica,5.89,1
85,1.7,5.632777778,1.813333333,JOR,98.6,97.88636364,98.6,8.4,11.86666667,13.5,,,,0,0.006524398,0,2.605812428,2.662347507,3.482888631,101,Jordan,4.906,0
86,0.26,1.103518519,0.283333333,JPN,100,100,100,2.5,2.5,2.5,47.6,45.4184,44.13333333,0.003718213,0.096828044,0.009519993,0.555812985,0.560659474,0.792782421,58,Japan,5.886,1
87,1,5.162790698,1.203333333,KAZ,97.5,96.83636364,97.5,4.630769231,2.5,2.5,,,,0,0.004686555,0.003264892,8.508572523,8.418831756,16.08016522,60,Kazakhstan,5.809,1
88,4.56,11.46259259,4.876666667,KEN,30.1,27.00454545,29.86666667,27.56153846,21.36666667,24.2,,,,0.009001676,0.016285628,0.016141196,9.047429438,9.450224541,9.90126341,121,Kenya,4.509,0
89,2,6.277435897,2.23,KGZ,93.3,91.89545455,93.1,10.84615385,6.666666667,6.5,,,,0.070803452,0.05493962,0.024607197,4.21075077,4.566416948,9.082823949,86,Kyrgyzstan,5.261,0
90,2.92,11.92589744,3.206666667,KHM,42.4,17.48636364,39,21,18.76666667,18.5,,,,0,0.064142532,0.01531663,2.3823511,2.460133626,3.047079688,109,Cambodia,4.7,0
91,5.46,10.34176471,5.776666667,KIR,39.7,33.90909091,39.7,4.223076923,3.233333333,3.1,,,,0,0,0,1.731486461,1.783119575,2.01882494,,,,
92,1.37,3.498863636,1.386666667,KNA,,87.3,,,,,,,,,,,,,,,St. Kitts and Nevis,,
93,0.33,3.353148148,0.35,KOR,100,100,100,2.5,2.5,2.5,27.3276,32.080192,28.17836667,0,0.039418247,0.006463074,1.342270135,1.39776877,2.123995998,54,South Korea,5.895,1
94,0.81,3.97537037,0.876666667,KWT,100,100,100,2.5,2.5,2.5,,,,0,0.001942614,0,0.903614511,0.884669546,1.86947347,51,Kuwait,6.021,1
95,6.34,13.48305556,6.786666667,LAO,70.9,37.13333333,67.56666667,27.02307692,17.2,16.6,,,,0,0.016994815,0.003656953,3.220732499,3.392810122,5.648063902,105,Laos,4.796,0
96,0.78,3.937592593,0.84,LBN,80.7,81.96428571,80.7,3.784615385,10.23333333,10.9,,,,0,0,0.005279215,4.468474968,5.842581857,6.880522914,91,Lebanon,5.197,0
97,7.47,22.71555556,8.016666667,LBR,16.9,13.93888889,16.36666667,38.48461538,38,38.8,,,,0,0.001560477,0,2.086080128,2.15386622,8.503576672,141,Liberia,3.975,0
98,1.24,7.962962963,1.33,LBY,96.6,96.51818182,96.6,,,,,,,0,0.002280562,0,2.383870344,8.376532595,2.311589574,72,Libya,5.525,1
99,1.66,2.802272727,1.73,LCA,90.5,83.45,90,,,,,,,0,0.047982178,0,18.60793112,18.65649257,15.274965,,,,
100,0.88,4.095740741,0.953333333,LKA,95.1,81.71363636,94.56666667,16.51538462,11.13333333,10.9,,,,0.028710056,1.049590862,0.084870081,3.530351982,3.596898164,5.856578541,130,Sri Lanka,4.366,0
101,8.59,13.00759259,9.246666667,LSO,30.3,25.23333333,29.76666667,12.51538462,13.1,12.8,,,,0,0.00883625,0,40.86345239,43.7347775,39.03039414,144,Lesotho,3.802,0
102,0.43,1.552765957,0.49,LTU,92.4,86.78181818,91.6,2.5,2.5,2.5,,,,0,0.001936097,0,6.020497256,6.160951319,9.887916426,42,Lithuania,6.149,1
103,0.26,1.1322,0.266666667,LUX,97.6,97.69545455,97.6,2.5,2.5,2.5,33.1161,34.671792,32.1138,0,0.002231442,0,1.054969167,1.080549906,1.667024355,14,Luxembourg,7.09,1
104,0.42,1.492857143,0.503333333,LVA,87.8,83.32666667,86.93333333,2.984615385,2.5,2.5,,,,0,0.001273597,0,6.865047951,6.983766808,12.74143092,53,Latvia,5.94,1
105,2.33,11.19555556,2.543333333,MAR,76.7,64.20454545,76.23333333,5.692307692,4.033333333,3.9,,,,0,0.038685268,0.009479371,1.155156008,1.193426283,1.134879977,89,Morocco,5.208,0
106,0.33,0.586551724,0.35,MCO,100,100,100,,,,,,,,,,,,,,,,
107,1.55,3.684883721,1.6,MDA,76.4,73.19,76.1,,,,,,,0,0.005704515,0,6.033488813,6.32117878,10.46090389,71,Moldova,5.529,1
108,4.42,13.32869565,4.786666667,MDG,12,10.38636364,11.73333333,34.10769231,38.33333333,43.1,,,,0.044042987,0.038870148,0.009085761,1.50583061,1.564607545,1.876902473,143,Madagascar,3.933,0
109,0.79,12.29,0.88,MDV,97.9,81.04090909,98,14.9,11.1,11,,,,0,0.358350347,0,0.874920874,0.868371657,0.954980705,,,,
110,1.34,6.371851852,1.476666667,MEX,85.2,74.94545455,84.4,4.869230769,4.2,3.8,43.744,49.4699,44.24823333,0.074230691,0.034734607,0.011180313,34.09992849,22.55951991,17.37018026,23,Mexico,6.595,1
111,3.4,6.07537037,3.58,MHL,76.9,70.26363636,76.56666667,,,,,,,0,0,0,6.275024352,6.414779655,6.65302323,,,,
112,1.37,2.687272727,1.22,MKD,90.9,90.19166667,90.93333333,5.938461538,4.366666667,4.1,,,,0,0.002007089,0.051842945,1.813182011,1.774401208,2.538317668,84,North Macedonia,5.274,0
113,10.6,27.93529412,11.36666667,MLI,24.7,18.30454545,23.76666667,10.12307692,5.966666667,6,,,,0,0.002615911,0.00329389,5.240823036,5.753683349,6.100939625,128,Mali,4.39,0
114,0.64,1.679259259,0.656666667,MLT,100,100,100,2.5,2.5,2.5,,,,0,0.001468476,0,1.217819969,1.194927708,1.411593381,22,Malta,6.726,1
115,4.86,11.57891304,5.243333333,MMR,79.6,64.01904762,79.46666667,29.23846154,11.63333333,10.5,,,,0.000733159,0.998008478,0.025568806,1.683798873,1.710109129,2.480813212,131,Myanmar,4.36,0
116,0.35,1.391333333,0.416666667,MNE,95.9,90.96428571,95.1,2.5,2.5,2.5,,,,0,0.000563531,0,3.531827325,3.565436258,4.770408663,73,Montenegro,5.523,1
117,1.72,8.718611111,1.886666667,MNG,59.7,50.32,58.5,27.53076923,18.26666667,18.7,,,,0.08026792,0.050946228,0.019316752,8.381313757,8.597978188,10.34986216,83,Mongolia,5.285,0
118,7.24,21.39387755,7.886666667,MOZ,20.5,14.37272727,20.16666667,35.08461538,29.76666667,30.5,,,,0.002733095,0.026774184,0.025209339,6.343194005,6.593623218,6.11624128,123,Mozambique,4.466,0
119,7.9,14.99907407,8.413333333,MRT,40,24.79090909,39.13333333,10.23076923,7.9,11.3,,,,0.090061976,0.011448649,0,3.798574593,3.87957014,4.549151392,122,Mauritania,4.49,0
120,1.31,4.307592593,1.43,MUS,93.1,91.65454545,93.13333333,5.415384615,5.533333333,5.8,45.641,48.8856381,45.29263333,0,0.014677241,0,2.555377989,2.64340181,2.551482472,57,Mauritius,5.888,1
121,5.54,22.19204082,6.193333333,MWI,41,34.42272727,40.13333333,24.5,23.26666667,26.3,,,,0,0.013476796,0.074071891,1.702387093,1.798617821,2.251472697,150,Malawi,3.41,0
122,0.79,3.003703704,0.76,MYS,96,91.24545455,95.96666667,3.692307692,3.033333333,2.9,,,,0.005456635,0.027775937,0.009594684,1.966921368,1.996159349,2.100770278,80,Malaysia,5.339,0
123,4.42,8.043617021,4.713333333,NAM,34.4,27.96818182,33.56666667,29.36153846,28.2,25.4,,,,0,0.051190455,0,14.69095793,15.12937689,21.58217111,113,Namibia,4.639,0
124,8.45,26.69,9.36,NER,10.9,6.745454545,10.46666667,14.82307692,10.93333333,14.4,,,,0.041821866,0.006223398,0.024069739,4.918061783,4.998569328,6.170399052,114,Niger,4.628,0
125,10.02,21.1682,10.76333333,NGA,29,33.95454545,29.6,7.161538462,7.966666667,11.5,,,,0.00127387,0.003522917,0.001788902,3.461111384,4.235021854,4.630289151,85,Nigeria,5.265,0
126,1.72,9.483888889,1.853333333,NIC,67.9,54.89090909,67.46666667,24.22307692,17.06666667,16.2,,,,0.064849933,0.293299361,0.025609109,7.374719902,7.837056258,11.34242396,45,Nicaragua,6.105,1
127,0.39,1.034814815,0.403333333,NLD,97.7,98.02727273,97.76666667,2.5,2.5,2.5,68.8744,66.947036,68.33673333,0,0.001083273,0.000230696,0.857513121,0.856507672,1.34236934,5,Netherlands,7.488,1
128,0.26,1.013703704,0.27,NOR,98.1,98.1,98.1,2.5,2.5,2.5,54.3474,59.889536,54.73593333,0,0.011894883,0.011523387,0.72927462,0.735769528,1.10031467,3,Norway,7.554,1
129,3.37,16.84759259,3.663333333,NPL,45.8,22.29090909,42.63333333,15.18461538,9.4,9.5,,,,0.084431619,0.127744033,1.66928788,1.627702302,1.66167261,1.705581588,100,Nepal,4.913,0
130,3.3,4.769310345,3.496666667,NRU,65.6,65.67727273,65.6,,,,,,,,,,,,,,,,
131,0.53,1.380740741,0.556666667,NZL,,,,2.5,2.5,2.5,63.6548,63.32538,62.1974,0,0.063793663,0.010659997,1.340484442,1.292217202,1.737533481,8,New Zealand,7.307,1
132,1.13,10.00134615,1.123333333,OMN,96.7,89.51818182,96.7,8.892307692,5.166666667,5.4,,,,0,0.036398348,0.006152645,0.532462463,0.55070366,0.626441916,,,,
133,3.91,7.148333333,4.196666667,OWID_WRL,,,,13.5,10.76666667,10.8,,,,0.017165103,0.114913785,0.017346984,5.305255472,5.320200321,6.586985082,,,,
134,7.49,15.1987037,7.95,PAK,63.5,38.15909091,60.03333333,22.84615385,21.06666667,20.5,,,,0.002977167,0.256712729,0.030763627,4.352146853,4.606703501,5.441810235,67,Pakistan,5.653,1
135,1.61,4.247222222,1.723333333,PAN,75,66.56363636,73.93333333,19.53846154,9.333333333,9.2,43.6307,47.84877619,41.5699,0.005272327,0.053288714,0.04441064,16.31912827,17.76986168,13.9443718,31,Panama,6.321,1
136,1.5,10.10333333,1.62,PER,76.2,63.20454545,74.56666667,16.96923077,9.2,8.8,54.0257,58.95567727,59.86713333,0.07079036,0.079201183,0.023486786,3.572673519,3.663691214,4.854703602,65,Peru,5.697,1
137,2.81,6.325185185,2.91,PHL,73.9,64.12272727,72.5,16.00769231,14.1,13.7,35.701,45.909864,39.16476667,0.010381196,0.156558499,0.012593242,15.35753948,15.1458903,15.22155581,69,Philippines,5.631,1
138,1.53,2.865666667,1.633333333,PLW,100,80.13181818,100,,,,,,,,,,,,,,,,
139,5.34,10.6362963,5.71,PNG,18.9,19.37727273,18.9,,,,,,,0,0.216904306,0,10.77534159,11.04595898,12.08319751,,,,
140,0.47,2.278518519,0.49,POL,97.2,90,96.46666667,2.5,2.5,2.5,35.0858,36.42872609,34.04783333,0,0.002000986,0.000424738,1.734790215,1.744396303,2.887883527,40,Poland,6.182,1
141,1.9,4.540689655,2.113333333,PRK,81.9,64.7,81.86666667,38.31538462,42.26666667,43.4,,,,0,0.034551595,0.084171967,2.756064775,2.812032519,3.053408513,,,,
142,0.37,3.269074074,0.37,PRT,99.7,96.20454545,99.6,2.5,2.5,2.5,34.1795,43.71982,33.5593,0,0.004178371,0.000935496,1.326250297,1.369491741,2.279712275,66,Portugal,5.693,1
143,2.1,5.34537037,2.236666667,PRY,88.6,68.85,86.66666667,12.1,12.06666667,11.2,,,,0,0.022520451,0.016753023,12.18520224,12.00423717,13.98080667,63,Paraguay,5.743,1
144,2.09,4.682564103,2.183333333,PSE,92.3,89.00952381,92.26666667,,,,,,,0,0.0017974,0.009384375,5.354183462,6.252078219,3.516442279,,,,
145,0.76,2.602444444,0.806666667,QAT,98,99.25,98,,,,,,,0,0,0,0.778852147,0.820649725,1.034563172,29,Qatar,6.374,1
146,0.78,3.298627451,0.923333333,ROU,79.1,74.10454545,78.63333333,2.5,2.5,2.5,,,,0.003448383,0.005367229,0.001039497,2.085925371,2.071621154,3.473046053,48,Romania,6.07,1
147,0.76,2.215,0.856666667,RUS,72.2,72.46818182,72.2,2.992307692,2.5,2.5,34.1276,43.05666522,36.98696667,0.000872077,0.010393187,0.004496448,14.80040858,15.66097505,27.89816896,68,Russia,5.648,1
148,3.79,17.84537037,4.216666667,RWA,61.6,46.60909091,59.96666667,42.38461538,32.56666667,36.1,,,,0.004408264,0.012013589,0.027658839,2.947404236,3.296955641,5.437496005,152,Rwanda,3.334,0
149,0.74,5.393809524,0.846666667,SAU,100,96.61363636,100,7.130769231,5.466666667,5.5,,,,0.004240764,0.018198932,0.01704237,0.877016747,0.890466669,0.812375234,28,Saudi Arabia,6.375,1
150,6.32,12.9312963,6.713333333,SDN,,25.21363636,23.56666667,25.4,25.13333333,25.2,,,,0,0.0135869,0.036296252,1.061027992,2.939958621,3.06630448,,,,
151,4.54,18.22407407,4.996666667,SEN,47.6,40.51818182,46.6,19.72307692,12.1,11.3,,,,0,0.012021491,0.001915424,1.004109266,1.026491582,1.214715399,111,Senegal,4.681,0
152,0.28,1.439074074,0.273333333,SGP,100,99.68636364,100,,,,,,,0,0.000304724,0,0.463616131,0.469363462,1.23495176,34,Singapore,6.262,1
153,2.06,6.364259259,2.19,SLB,29.8,26.98333333,29.2,12.16923077,12.96666667,12.3,,,,0,0.101081488,0.467256753,5.226367043,5.321148784,5.811571696,,,,
154,11.05,27.15888889,12.25,SLE,13.3,11.4,12.96666667,33.68461538,25.26666667,25.5,,,,0.352285386,0.010611898,0.004503251,1.370973547,1.417785488,1.953388927,129,Sierra Leone,4.374,0
155,1.45,8.672037037,1.556666667,SLV,75,62.21818182,73.4,10.86923077,11.36666667,10.3,46.3281,48.59800476,46.1694,0,0.253760872,0.01669508,56.69019568,91.79840795,59.61678544,35,El Salvador,6.253,1
156,0.22,0.738,0.246666667,SMR,,,,,,,,,,,,,,,,,San Marino,,
157,12.72,17.35677419,13.56333333,SOM,,22.16315789,,,,,,,,0,0.095945612,0.002146961,8.302061601,8.797472813,14.8093918,112,Somalia,4.668,0
158,0.57,1.826666667,0.63,SRB,96.4,96.78636364,96.5,5.985714286,5.9,5.6,,,,0,0.001793152,0.015719311,2.457650543,2.557025917,4.051716396,,,,
159,9.64,20.50942857,9.64,SSD,6.7,6.6,6.666666667,,,,,,,0,0.006781593,0,7.783297045,11.23170489,10.77776696,156,South Sudan,2.853,0
160,3.24,8.537959184,3.516666667,STP,34.7,24.55,34.5,12.56923077,11.13333333,10.2,,,,0,0,0,5.0935025,5.305432442,5.645118495,,,,
161,1.96,3.807096774,2.09,SUR,79.2,80.51111111,79.23333333,10.36153846,7.833333333,7.6,,,,0,0.0075241,0,9.068329413,9.087938606,9.455494046,,,,
162,0.56,1.207878788,0.6,SVK,98.8,98.87272727,98.8,5.584615385,3.3,2.7,32.2883,40.23965217,32.43753333,0,0.007812035,0.001924061,2.428877145,2.508625496,3.248991682,38,Slovakia,6.198,1
163,0.21,0.802121212,0.24,SVN,99.1,99.1,99.1,2.5,2.5,2.5,38.5564,39.2516,36.07143333,0,0.008911771,0.005312753,0.980321224,0.992963238,1.79010238,44,Slovenia,6.118,1
164,0.28,0.84037037,0.29,SWE,99.3,99.3,99.3,2.5,2.5,2.5,54.2271,51.342088,54.89226667,0,0.002636617,0.000366047,1.199426718,1.243462677,1.438460576,7,Sweden,7.343,1
165,5.39,12.64592593,5.876666667,SWZ,57.5,52.17272727,57.5,19.58461538,21.26666667,20.7,,,,0,0.000222454,0.027350567,23.48696848,25.73257707,26.78406092,135,Swaziland,4.212,0
166,1.42,3.703888889,1.446666667,SYC,98.4,98.4,98.4,,,,,,,0,0.054413273,0,6.231653668,6.204921776,7.026514366,,,,
167,12.32,20.34190476,13.08,TCD,12.1,9.813636364,12,39.63076923,37.5,39.7,,,,0,0.008501461,0,5.757251704,5.859391376,6.316595693,132,Chad,4.35,0
168,7.29,16.465,7.77,TGO,11.6,11.45909091,11.56666667,25.16153846,17.16666667,16.2,,,,0,0.005306984,0,5.352502747,5.538219812,5.854051264,139,Togo,4.085,0
169,0.95,5.661851852,1.046666667,THA,93,91.05,93.1,12.66153846,9.133333333,9,,,,0.01650661,0.125983441,0.005145416,6.014672487,5.949046493,11.48157496,52,Thailand,6.008,1
170,3.36,10.01,3.58,TJK,95,91.26315789,94.7,,,,,,,0.027123742,0.182849987,0.01635627,2.89216131,2.851495798,5.5981407,74,Tajikistan,5.467,1
171,4.73,8.659459459,5.05,TKM,,62.32307692,,5.5,4.9,5.5,,,,0,0.001716671,0.000774313,4.083705501,4.143491111,5.453368039,87,Turkmenistan,5.247,0
172,4.76,12.09655172,5.116666667,TLS,40.6,37.85882353,40.1,31.43076923,26.83333333,27.2,,,,0,0.003227969,0,2.721601401,2.689353024,3.196039729,,,,
173,1.6,3.024313725,1.673333333,TON,91,92.89545455,91.13333333,,,,,,,0,0.056882697,0.047868193,2.210399107,2.221279998,3.482080622,,,,
174,2.61,4.041111111,2.77,TTO,91.5,90.72272727,91.5,10.60769231,6.033333333,4.9,,,,0,0.009016073,0,22.85306179,24.19361332,18.91620811,39,Trinidad & Tobago,6.192,1
175,1.3,9.099423077,1.4,TUN,91.6,81.9,90.93333333,5.192307692,4.566666667,4.9,,,,0,0.007009298,0,0.586229833,0.610879192,0.738502696,124,Tunisia,4.461,0
176,1.16,10.74277778,1.343333333,TUR,94.9,88.25,94.1,2.5,2.5,2.5,43.8131,43.142708,42.44626667,0,0.236311043,0.001848675,2.124488483,2.173476499,2.511600126,79,Turkey,5.373,0
177,2.49,5.108461538,2.656666667,TUV,,78.60454545,83.3,,,,,,,,,,,,,,,,
178,5.4,16.34074074,5.856666667,TZA,15.6,9.654545455,14.5,34.88461538,32.3,32,,,,0.002048097,0.007326081,0.011806423,5.652196575,5.783547633,6.465092255,153,Tanzania,3.231,0
179,4.9,16.7912963,5.53,UGA,19.1,15.71363636,18.76666667,27.92307692,35.93333333,41.4,,,,0.007324371,0.010387523,0.00270919,3.898068693,4.119328815,5.046475561,136,Uganda,4.189,0
180,0.88,2.082790698,0.943333333,UKR,95.9,94.94444444,95.83333333,2.761538462,2.633333333,3.3,,,,0,0.000898803,0.000870057,10.07928519,10.08696737,12.93499699,133,Ukraine,4.332,0
181,0.82,3.348518519,0.893333333,URY,96.4,93.60454545,96.1,3.530769231,2.5,2.5,47.7374,54.1784,49.3744,0,0.001312142,0.002037316,6.132201024,6.422903297,4.951522876,33,Uruguay,6.293,1
182,0.66,1.48537037,0.68,USA,100,99.74545455,100,2.5,2.5,2.5,55.2156,61.99994,55.2092,0.003604609,0.015654085,0.009654901,6.119955521,5.824200341,7.42118959,19,United States,6.892,1
183,2.25,6.74,2.566666667,UZB,100,91.65909091,100,13.33846154,7.366666667,7.4,,,,0,0.001475668,0.000336219,2.557037233,2.513204119,3.530991483,41,Uzbekistan,6.174,1
184,1.62,3.674222222,1.743333333,VCT,,71.11111111,,9.538461538,5.933333333,5.7,,,,0,0.126083387,0,20.75643608,20.92725864,16.06823723,,,,
185,3.09,3.97462963,2.286666667,VEN,94.4,88.22272727,94.26666667,9.323076923,7.933333333,11.7,,,,0,0.953344941,0,47.87199354,48.80879099,36.38875473,108,Venezuela,4.707,0
186,2.09,5.2826,2.16,VNM,78,53.79090909,74.7,17.46153846,11.6,10.8,,,,0.032552961,0.100720899,0.011035388,1.575046915,1.615760973,1.897229354,94,Vietnam,5.175,0
187,2.69,6.421296296,2.816666667,VUT,57.9,44.555,57.9,6.846153846,6.7,7.1,,,,0,0.46458972,0.367751099,1.669130878,1.686052807,1.803744448,,,,
188,1.65,2.496333333,1.73,WSM,91.5,92.18636364,91.53333333,3.738461538,3.1,3.1,,,,0,0.745704367,0,3.081857786,3.112773341,3.596088687,,,,
189,5.54,17.3456,5.54,YEM,,39.87727273,53.3,28.39230769,30.16666667,34.4,,,,0.030654979,0.027560157,0.015584344,2.850101443,5.176038223,3.260595483,151,Yemen,3.38,0
190,3.71,7.69425,4.003333333,ZAF,66.4,57.45909091,65.26666667,4.530769231,5.3,6.1,,,,0.00294612,0.007148353,0.002952361,28.57172516,27.93302166,48.5162956,106,South Africa,4.722,0
191,6,15.89277778,6.51,ZMB,43.9,41.21818182,43.46666667,50.36153846,45.13333333,44.5,,,,0,0.001967855,0,5.721783528,5.838550108,7.282721641,138,Zambia,4.107,0
192,5.03,10.21351852,5.713333333,ZWE,36.8,39,37.16666667,41.73846154,46.53333333,46.6,,,,0,0.006365597,0.015023785,8.019027413,8.294199817,9.016830342,146,Zimbabwe,3.663,0
193,,,,ABW,97.7,98.15,97.7,,,,,,,,,,,,,,Aruba,,
194,,,,ASM,62.5,61.59090909,62.5,,,,,,,0,0.533377035,0,5.215552013,5.182962853,5.766736071,,American Samoa,,
195,,,,CYM,95.6,95.55454545,95.56666667,,,,,,,,,,,,,,Cayman Islands,,
196,,,,GRL,100,100,100,,,,,,,0,0.019832235,0,8.088040076,8.45720426,14.07516393,,Greenland,,
197,,,,GUM,89.8,89.19545455,89.8,,,,,,,0,0.011647912,0,4.825317728,4.809572568,4.251960841,,Guam,,
198,,,,MNP,79.7,73.95,79.7,,,,,,,0,0.06279398,0,5.071153035,4.920114649,5.487320483,,Northern Mariana Islands,,
199,,,,NCL,100,100,100,7.823076923,8.566666667,11.6,,,,,,,,,,,New Caledonia,,
200,,,,PRI,99.3,99.3,99.3,,,,,,,6.798822728,0.006433506,0.001131472,20.85044822,20.32734281,22.85709228,,Puerto Rico,,
201,,,,PYF,98.5,98.08636364,98.46666667,4.1,4.233333333,4.4,,,,,,,,,,,French Polynesia,,
202,,,,SYR,95.7,89.1,95.7,,,,,,,0,0.008273397,0.003461634,1.87287994,5.908755437,1.92769217,149,Syria,3.462,0
203,,,,TCA,,81.4,,,,,,,,,,,,,,,Turks and Caicos,,
204,,,,VGB,97.5,97.5,97.5,,,,,,,,,,,,,,British Virgin Islands,,
205,,,,VIR,96.4,96.4,96.4,,,,,,,0.399040056,0.063169655,0,29.60956986,29.55504419,24.35888631,,US Virgin Islands,,
206,,,,HKG,,,,2.5,2.5,2.5,,,,,,,,,,,Hong Kong,,
207,,,,MAC,,,,16.05384615,11.9,11.4,,,,,,,,,,,Macao,,
208,,,,BMU,,,,,,,,,,0,0.056415025,0,3.02942888,3.085218186,3.575666211,,Bermuda,,
209,,,,TWN,,,,,,,,,,0.002784753,0.11526057,0.025356376,1.428121365,1.397527235,2.784699268,25,Taiwan,6.446,1